sp|Q6GZX4|001R_FRG3G,MAFSAEDVLKEYDRRRRMEALLLSLYYPNDRKLLDYKEWSPPRVQVECPKAPVEWNNPPSEKGLIVGHFSGIKYKGEKAQASEVDVNKMCCWVSKFKDAMRRYQGIQTCKIPGKVLSDLDAKIKAYNLTVEGVEGFVRYSRVTKQHVAAFLKELRHSKQYENVNLIHYILTDKRVDIQHLEKDLVKDFKALVESAHRMRQGHMINVKYILYQLLKKHGHGPDGPDILTVKTGSKGVLYDDSFRKIYTDLGWKFTPL
sp|Q6GZX3|002L_FRG3G,MSIIGATRLQNDKSDTYSAGPCYAGGCSAFTPRGTCGKDWDLGEQTCASGFCTSQPLCARIKKTQVCGLRYSSKGKDPLVSAEWDSRGAPYVRCTYDADLIDTQAQVDQFVSMFGESPSLAERYCMRGVKNTAGELVSRVSSDADPAGGWCRKWYSAHRGPDQDAALGSFCIKNPGAADCKCINRASDPVYQKVKTLHAYPDQCWYVPCAADVGELKMGTQRDTPTNCPTQVCQIVFNMLDDGSVTMDDVKNTINCDFSKYVPPPPPPKPTPPTPPTPPTPPTPPTPPTPPTPRPVHNRKVMFFVAGAVLVAILISTVRW
sp|Q197F8|002R_IIV3,MASNTVSAQGGSNRPVRDFSNIQDVAQFLLFDPIWNEQPGSIVPWKMNREQALAERYPELQTSEPSEDYSGPVESLELLPLEIKLDIMQYLSWEQISWCKHPWLWTRWYKDNVVRVSAITFEDFQREYAFPEKIQEIHFTDTRAEEIKAILETTPNVTRLVIRRIDDMNYNTHGDLGLDDLEFLTHLMVEDACGFTDFWAPSLTHLTIKNLDMHPRWFGPVMDGIKSMQSTLKYLYIFETYGVNKPFVQWCTDNIETFYCTNSYRYENVPRPIYVWVLFQEDEWHGYRVEDNKFHRRYMYSTILHKRDTDWVENNPLKTPAQVEMYKFLLRISQLNRDGTGYESDSDPENEHFDDESFSSGEEDSSDEDDPTWAPDSDDSDWETETEEEPSVAARILEKGKLTITNLMKSLGFKPKPKKIQSIDRYFCSLDSNYNSEDEDFEYDSDSEDDDSDSEDDC
sp|Q197F7|003L_IIV3,MYQAINPCPQSWYGSPQLEREIVCKMSGAPHYPNYYPVHPNALGGAWFDTSLNARSLTTTPSLTTCTPPSLAACTPPTSLGMVDSPPHINPPRRIGTLCFDFGSAKSPQRCECVASDRPSTTSNTAPDTYRLLITNSKTRKNNYGTCRLEPLTYGI
sp|Q6GZX2|003R_FRG3G,MARPLLGKTSSVRRRLESLSACSIFFFLRKFCQKMASLVFLNSPVYQMSNILLTERRQVDRAMGGSDDDGVMVVALSPSDFKTVLGSALLAVERDMVHVVPKYLQTPGILHDMLVLLTPIFGEALSVDMSGATDVMVQQIATAGFVDVDPLHSSVSWKDNVSCPVALLAVSNAVRTMMGQPCQVTLIIDVGTQNILRDLVNLPVEMSGDLQVMAYTKDPLGKVPAVGVSVFDSGSVQKGDAHSVGAPDGLVSFHTHPVSSAVELNYHAGWPSNVDMSSLLTMKNLMHVVVAEEGLWTMARTLSMQRLTKVLTDAEKDVMRAAAFNLFLPLNELRVMGTKDSNNKSLKTYFEVFETFTIGALMKHSGVTPTAFVDRRWLDNTIYHMGFIPWGRDMRFVVEYDLDGTNPFLNTVPTLMSVKRKAKIQEMFDNMVSRMVTS
sp|Q6GZX1|004R_FRG3G,MNAKYDTDQGVGRMLFLGTIGLAVVVGGLMAYGYYYDGKTPSSGTSFHTASPSFSSRYRY
sp|Q197F5|005L_IIV3,MRYTVLIALQGALLLLLLIDDGQGQSPYPYPGMPCNSSRQCGLGTCVHSRCAHCSSDGTLCSPEDPTMVWPCCPESSCQLVVGLPSLVNHYNCLPNQCTDSSQCPGGFGCMTRRSKCELCKADGEACNSPYLDWRKDKECCSGYCHTEARGLEGVCIDPKKIFCTPKNPWQLAPYPPSYHQPTTLRPPTSLYDSWLMSGFLVKSTTAPSTQEEEDDY
sp|Q6GZX0|005R_FRG3G,MQNPLPEVMSPEHDKRTTTPMSKEANKFIRELDKKPGDLAVVSDFVKRNTGKRLPIGKRSNLYVRICDLSGTIYMGETFILESWEELYLPEPTKMEVLGTLESCCGIPPFPEWIVMVGEDQCVYAYGDEEILLFAYSVKQLVEEGIQETGISYKYPDDISDVDEEVLQQDEEIQKIRKKTREFVDKDAQEFQDFLNSLDASLLS
sp|Q91G88|006L_IIV6,MDSLNEVCYEQIKGTFYKGLFGDFPLIVDKKTGCFNATKLCVLGGKRFVDWNKTLRSKKLIQYYETRCDIKTESLLYEIKGDNNDEITKQITGTYLPKEFILDIASWISVEFYDKCNNIIINYFVNEYKTMDKKTLQSKINEVEEKMQKLLNEKEEELQEKNDKIDELILFSKRMEEDRKKDREMMIKQEKMLRELGIHLEDVSSQNNELIEKVDEQVEQNAVLNFKIDNIQNKLEIAVEDRAPQPKQNLKRERFILLKRNDDYYPYYTIRAQDINARSALKRQKNLYNEVSVLLDLTCHPNSKTLYVRVKDELKQKGVVFNLCKVSISNSKINEEELIKAMETINDEKRDV
sp|Q6GZW9|006R_FRG3G,MYKMYFLKDQKFSLSGTIRINDKTQSEYGSVWCPGLSITGLHHDAIDHNMFEEMETEIIEYLGPWVQAEYRRIKG
sp|Q6GZW8|007R_FRG3G,MRSIKPLRCCNAHGRHVSQEYGRCTLLLFREKLFLQTGLVCNKQCNAPNNDGAESKHHGIHHGSRGALALRGAGVHLLASAALGPRVLAGLVPTGRSVQGSVGQCGRVAQIGRARDVAARKQESYCEK
sp|Q197F3|007R_IIV3,MEAKNITIDNTTYNFFKFYNINQPLTNLKYLNSERLCFSNAVMGKIVDDASTITITYHRVYFGISGPKPRQVADLGEYYDVNELLNYDTYTKTQEFAQKYNSLVKPTIDAKNWSGNELVLLVGNEWYCKTFGKAGSKNVFLYNMIPTIYRDEPQHQEQILKKFMFFNATKNVEQNPNFLDNVPEEYYHLLLPKSWVEKNLSDKYRKIMETEHKPLVFSCEPAFSFGLCRNTQDKNESYQLSLCLYEREKPRDAEIVWAAKYDELAAMVRDYLKKTPEFKKYRSFISCMKGLSWKNNEIGDKDGPKLYPKVIFNRKKGEFVTIFTKDDDVEPETIEDPRTILDRRCVVQAALRLESVFVHNKVAIQLRINDVLISEWKEASSKPQPLILRRHRFTKPSSSVAKSTSPSLRNSGSDESDLNQSDSDKEDERVVPVPKTKRIVKTVKLPN
sp|Q197F2|008L_IIV3,MSFKVYDPIAELIATQFPTSNPDLQIINNDVLVVSPHKITLPMGPQNAGDVTNKAYVDQAVMSAAVPVASSTTVGTIQMAGDLEGSSGTNPIIAANKITLNKLQKIGPKMVIGNPNSDWNNTQEIELDSSFRIVDNRLNAGIVPISSTDPNKSNTVIPAPQQNGLFYLDSSGRVWVWAEHYYKCITPSRYISKWMGVGDFQELTVGQSVMWDSGRPSIETVSTQGLEVEWISSTNFTLSSLYLIPIVVKVTICIPLLGQPDQMAKFVLYSVSSAQQPRTGIVLTTDSSRSSAPIVSEYITVNWFEPKSYSVQLKEVNSDSGTTVTICSDKWLANPFLDCWITIEEVG
sp|Q6GZW6|009L_FRG3G,MDTSPYDFLKLYPWLSRGEADKGTLLDAFPGETFEQSLASDVAMRRAVQDDPAFGHQKLVETFLSEDTPYRELLLFHAPGTGKTCTVVSVAERAKEKGLTRGCIVLARGAALLRNFLHELVFNCGTGGRYIPEGYADMGDQERTRKMRKAVSSYYQFRTYETFAKSVATMSAEAIRARYDRFVIVMDEVHHLRSVQAEGVNTYSAISRFLRTVRGCVKMLLTGTPMTNEPGELADVLNLILPQDKTIRPEDGIFSNSGDLLKPDELAERVRGRVSYLKAARPDAGLTFAGEVLGGTGMTHLRLVRLEMSAFQSDAYASAWDQDAGDRNIFSNSRQCSLAVMPDRRWGSAAEARNPSQVRRMAGQNLAEYSVKYDYLVRVASSSPKTFAYCEYVNGSGLSLLSDILLANGWRRATGRETTPGKRFALLTASQKNIHKIVQRFNHEDNVDGAYISLLLGSRVVAEGLTFKEVRHTVILTPHWNYTETAQAIARSWRAGSHDRLKARGEAVAVTVHRLVAVPRGRDTPRSIDSDMYAVSEVKDKRIKAVERILMTSAADCSLLRSRNLYPSEFDGSRECEYGRCAYRCSNVSVEPGPLPALLGASAAEAVAQVRLDGGGDPAIMKVDMSTLWAEVTAGRRYVNRWGDGAVLRAEGGRLELSAPYGSSEEGRWGDFYKTRNLCYAKMDQDHLRADDLRDSLPQEVEELLTVSPVETIGETASAMPQEVATAILMACVQARADGKTLNVVRRDALLDFYKGFYAMGPSGWTVWLHARGANAKVYDGRRWNPADEDTLEFLAARSAKFTDTRIGYYGLYNPNLKDFCIRDVTQGKRDKVDLRKLTVGRRCVDWDQRTLVHIVARLMKIDGRRDFMPHATLREMRELAEQDPLHEPSDLTSKEACRRFLFWTQKGDNKFRRQDICKAMEKWFIENDLMEDNFDCGHQHKRRGKFA
sp|Q91G85|009R_IIV6,MIKLFCVLAAFISINSACQSSHQQREEFTVATYHSSSICTTYCYSNCVVASQHKGLNVESYTCDKPDPYGRETVCKCTLIKCHDI
sp|Q6GZW5|010R_FRG3G,MKMDTDCRHWIVLASVPVLTVLAFKGEGALALAGLLVMAAVAMYRDRTEKKYSAARAPSPIAGHKTAYVTDPSAFAAGTVPVYPAPSNMGSDRFEGWVGGVLTGVGSSHLDHRKFAERQLVDRREKMVGYGWTKSFF
sp|Q197E9|011L_IIV3,MMESPKYKKSTCSVTNLGGTCILPQKGATAPKAKDVSPELLVNKMDNLCQDWARTRNEYNKVHIEQAPTDSYFGVVHSHTPKKKYTSRDSDSEPEATSTRRSATAQRAANLKSSPVDQWSTTPPQPQPQPAAPTVKKTCASSPPAALSVKRTCTSPPPPPVLIDDDTGEDAFYDTNDPDIFYDIENGVSELETEGPKRPVYYQRNIRYPIDGSVPQESEQWYDPIDDEFLASSGDVVSLEPSPIAAFQPTPPKTVQFVPMPEEIIVPPPPPPKTVVDEGVQAMPYTVDQMIQTDFEESPLLANVNLRTIPIEEVNPNFSPVLMQDMVRDSFVFGTVAQRVMASQRVKQFFKELIEQDVSLAGRMCMDSGSPQLNLYNSLMGVKLLYRWRSSTTFYRAIVPEIDEPVQVMQDVLSSSEWAKFDSQAGIPPKMVYIHYKLLNDLVKTLICPNFQLTHAALVCVDCRPEAVGSDGLQDGRQRRCSNLVSEYHEMTLEDLFNTIKPADLNAKNIILSVLFQMLYAVATVQKQFGMGGLFANADSVHVRRIQPGGFWHYTVNGLRYSVPNYGYLVILTNFTDVVNYRPDFATTRYFGRRQAKVVPTRNWYKFVPFTTRYRPFVTVDPITQAKTTAYAPNPPTEGITINEFYKDSSDLRPSVPVDLNDMITFPVPEFHLTICRLFSFFSKFYDSNFIGNDPFVRNLVDRYSQPFEFPDVYWPEDGVSRVLACYTIEEIYPNWVDGDTDYVIESYNLD
sp|Q6GZW4|011R_FRG3G,MTSVKTIAMLAMLVIVAALIYMGYRTFTSMQSKLNELESRVNAPQLRPPVMSPIVPLNFIESEDLDKELD
sp|Q6GZW3|012L_FRG3G,MCAKLVEMAFGPVNADSPPLTAEEKESAVEKLVGSKPFPALKKKYHDKVPAQDPKYCLFSFVEVLPSCDIKAAGAEEMCSCCIKRRRGQVFGVACVRGTAHTLAKAKQKADKLVGDYDSVHVVQTCHVGRPFPLVSSGMAQETVAPSAMEAAEAAMDAKSAEKRKERMRQKLEMRKREQEIKARNRKLLEDPSCDPDAEEETDLERYATLRVKTTCLLENAKNASAQIKEYLASMRKSAEAVVAMEAADPTLVENYPGLIRDSRAKMGVSKQDTEAFLKMSSFDCLTAASELETMGF
sp|Q197E7|013L_IIV3,MYYRDQYGNVKYAPEGMGPHHAASSSHHSAQHHHMTKENFSMDDVHSWFEKYKMWFLYALILALIFGVFMWWSKYNHDKKRSLNTASIFY
sp|Q6GZW2|013R_FRG3G,MANSVAFSSMTWYSPLASDNLYDICVDKVHNRVLCLCHSFGCCTNAVVIWILPSFDEFTPQTLSCKGP
sp|Q6GZW1|014R_FRG3G,METLVQAYLDIQGKIAEFRREIKALRVEEKAITANLFEAMGEAGVESIRISEDRYLVAEEKPKRTRSKQQFYQAAEGEGFTQEDVDRLMSLSRGAVTGSSSNVKIRKSAPARNEEDDDG
sp|Q6GZW0|015R_FRG3G,MEQVPIKEMRLSDLRPNNKSIDTDLGGTKLVVIGKPGSGKSTLIKALLDSKRHIIPCAVVISGSEEANGFYKGVVPDLFIYHQFSPSIIDRIHRRQVKAKAEMGSKKSWLLVVIDDCMDNAKMFNDKEVRALFKNGRHWNVLVVIANQYVMDLTPDLRSSVDGVFLFRENNVTYRDKTYANFASVVPKKLYPTVMETVCQNYRCMFIDNTKATDNWHDSVFWYKAPYSKSAVAPFGARSYWKYACSKTGEEMPAVFDNVKILGDLLLKELPEAGEALVTYGGKDGPSDNEDGPSDDEDGPSDDEEGLSKDGVSEYYQSDLDD
sp|Q6GZV8|017L_FRG3G,METMSDYSKEVSEALSALRGELSALSAAISNTVRAGSYSAPVAKDCKAGHCDSKAVLKSLSRSARDLDSAVEAVSSNCEWASSGYGKQIARALRDDAVRVKREVESTRDAVDVVTPSCCVQGLAEEAGKLSEMAAVYRCMATVFETADSHGVREMLAKVDGLKQTMSGFKRLLGKTAEIDGLSDSVIRLGRSIGEVLPATEGKAMRDLVKQCERLNGLVVDGSRKVEEQCSKLRDMASQSYVVADLASQYDVLGGKAQEALSASDALEQAAAVALRAKAAADAVAKSLDSLDVKKLDRLLEQASAVSGLLAKKNDLDAVVTSLAGLEALVAKKDELYKICAAVNSVDKSKLELLNVKPDRLKSLTEQTVVVSQMTTALATFNEDKLDSVLGKYMQMHRFLGMATQLKLMSDSLAEFQPAKMAQMAAAASQLKDFLTDQTVSRLEKVSAAVDATDVTKYASAFSDGGMVSDMTKAYETVKAFAAVVNSLDSKKLKLVAECAKK
sp|Q6GZV7|018L_FRG3G,MQNSKTDMCAALWAVTGLVLNVAVRFALEPFKESMGQGWHTAARVAVNGAIVLALADRLSDSPVTMTLFVMALSASPE
sp|Q6GZV6|019R_FRG3G,MATNYCDEFERNPTRNPRTGRTIKRGGPVFRALERECSDGAARVFPAAAVRGAAAARAASPRVAAASPCPEFARDPTRNPRTGRPIKRGGPVFRALERECADYGGASPRRVSPARAFPNRRVSPARRQSPAEAAEASPCPEFARDPTRNPRTGRTIKRGGPTYRALEAECADYGRLSPIRSPWSDWSSTGLSPFRSHMRKSPARRSPARRSPARRSLARYTEHLTSDSETEVDYDARNVIRSQVGPGGVCERFAADPTRNPVTGSPLSRNDPLYTDLMEICKGYPDTPLTKSLTGEGTDDDTCEAFCRDPTRNPVTGQKMRRNGIEYQMFAEECDCSGISRPSGVSRTSGTSGSSGSSASSRPPNSFEAPGASSRPPNSFEASGAARVPGTPSVSRGEPRWMSSISTRHNYDESNPMSVAFRLRHVKDIRKFLRTVRPGRSGFCATDKGGWLGSAAVSDNVIGQGSWGSVHMVKFRDFPEEFVVKEAVLMSVSEKHRYKPTVVWDEWAAGSVPDEVVVNNMVTEIAATGMTPFVPLTAGAGACDSCNPQLLEKAAKVTKCYLQAMEAADFSLDRVLPTMSPDQAASALAQILLGLQSLQTTLGIMHNDIKAHNILVKRVPPGGYWKVTDSFNGQVFYIPNEGYLCMLADYGVVRLVKPAVGMDTLYGTRNARFVPRDVGRWGKGAGTEYVVTPIRSKISVVVRGGRFVGVEPNKAVRYWKNTDTSKVGDVITTNNVFYMGYDIEPDMQVQLDDTNSFPVWESRGDVADCVRTFVGGKRASQPGFHRLFYKKTGSAWEKAAETVAKQNPLFSGFTLDGSGLKYIRAATACAYIFPGMAVPRPGEREIESFTM
sp|Q6GZV5|020R_FRG3G,MLQNYAIVLGMAVAVAIWYFFKIEEEAPPGPNPPKPDPPKPDPPKMHMPKKKPHWMDPHLTGSQTVQYSRNRSMGDPIRGDLPIIPRDDGWFSTAANPAHTLHAGALSMIAPASTGGGLTVNKLISAYADKGNAMSGRHNSPSYYGSS
sp|Q6GZV4|021L_FRG3G,METIVLVPRQDQETFSDSRPVLDGDLMLEFLENKIRHPVRRRQPRVVPVTSSDPEVVDDEDDEDQSDDSDEERQRLYFQYMVLKRMYPTEVIPEMTTYSNVAIMREKYKLLTRRLSLDKHINEWKKYIIVGMCIMELVMTKLNFDASGFARYQIKSLGAYDQLLAEMADKYYEATPQSSVEMRLMTTMGMNMAVFMLGKLLGGQMDFLGLLENAFGSSS
sp|Q197D8|022L_IIV3,MSFVHKLPTFYTAGVGAIIGGLSLRFNGAKFLSDWYINKYNDSVPAWSLQTCHWAGIALYCVGWVTLASVIYLKHRDNSILKGSILSCIVISAVWSILEYNQDMFVSNPKLPLISCAMLVSSLAALVALKYHIKDIFTILGAAIIIILAEYVVLPYQRQYNIVDGIGLPLLLLGFFILYQVFSVPNPSTPTGVMVPKPEDEWDIEMAPLNHRDRQVPESELENVK
sp|Q6GZV2|023R_FRG3G,MRVSQTSWIVSRMLEYPRGGFFYSTDMACMMEGLAEELAGGHKDEVLIVSGRNGDDEVFKEFPNVRAADGLKGPNSIDPETKLVLIIDVSPTAISNALAATLQEFLIPVWVFCNHTRTLTASVTRRLGYKLWPKGTYTPYICEKAGVSEVVTYNQPESEKFVAFMSAARQIMDKRKSKKTMQELAFLPHLAFAEIAMEGDQEMTPTLTAKKVSDIKDEQVNELASAMFRTGKLSHLDMLSVPDCVYSCGEALKREVAKAKANRERFVVALRNAQYKKYTAGLLEAGTPVKTFTEVIKNWGAYDTIFLPMGVDWTYTGGSNLIRMMMTPGSHKTVTFVPESDDVHEFCHNKPTVNTMGVESAATGLAAELNRRWRRDNPVDAS
sp|Q197D7|023R_IIV3,MGSYMLFDSLIKLVENRNPLNHEQKLWLIDVINNTLNLEGKEKLYSLLIVHNKQQTKIYDPKEPFYDIEKIPVQLQLVWYEFTKMHLKSQNEDRRRKMSLYAGRSP
sp|Q6GZV1|024R_FRG3G,MWQYLPILLMTMISQLEWTVAAVKRYPAGGFITGDKLSRVFEALPWRVAVVSDEPEKYEGFPILTEEDPAVFEDADCILFAVSDPKCVTGAMKSVFMASSKTAWVVYDGTETRATVRSWMRRLWRAETYVPLLTHRGFVTDVCVYSQPDSERYVSVMTATAHFYSNRLEVLEEMAFVPHLAYAKLAMGRYTVLDGCMSVKGSADVAPLNRSMWFLTAAAIPHGEIDTDSLFSDPGAVYSCGSALREALGSLPEGSTSVVAVRNSSYRKYVRGILGPNFRVETFTNVVKTWGVYDYVLLPMGISDSYKQGRDLMEKLEMPGGHRVVTFAPENYTVNEVHLNRPLKYAIKRMDLITPMVLRHVSLNK
sp|Q197D5|025R_IIV3,MNYSVIWAITILILGLVLTLAWARQNPTHPINPLVLNYHTKPSPKRHRMVLVVESFASVDALVELVENILSQTIRVASITVVSQRPDHLRQVPLLHQTCTFSRASGLSALFKETSGTLVVFISKEGFHHFQSPTLLETIDQRGVTAEQTLPGIVLRNTDMPGIDLTTVYRQQRLGLGN
sp|Q91G70|026R_IIV6,MAISFFSDTSYIIKSILLISLFSIIPLEDEVTKLKSSSLRETSELNKEEGITTCLYTFN
sp|Q6GZU9|027R_FRG3G,MANFLQDVNCETVSEYDGPDASIPEGVWEGYVGHDHAALWRTWSYIYECCKKGTLVQFRGGKLVTFSMFDNPRFSNGAGIDAQKVLDLEDRARELQGYGPVNRRTDVMPVDRWTLNGPLLRYDKMVLEDVGGTGSNRTMVRAQLEALQDERDVPDCDFILNVRDYPLLRRDGTRPYPQVYGKGRRLPEPWARGGPHVPVVSMCSGPTYADIAVPTYECIAHAYTSSGRTLPAGGRFVKTPSADSLPAWRDRKALAVFRGSSTGAGTSTEDNQRLRALQISMSRPDLADVGITKWNLRPRKTERYDGYRIIEPWQFGRKSPYPAAAKPMTPEQIAGYKYVLCLWGHAPAFRLARDLSLGSVVLLPSRPPGQEGLDMWHSSVLKPWTHYIPVRGDLSDLEKRIEWCRDNDAECEKIAAAGMEASLNLLGWEGQLDRWMDVLRSVRLECCPGGYDMPPSPSLVSDSMCVRQMVSFPRYEDIPQPSSPMPVLPRCSGTLRGWGLAASLGWDLGDAAEVLNVKRSTAVLSKTVFNNLIYRTPHLRYTFGVAASDPESTAAVILSEKLKGAVTMRSWLEDSRAWARGRNVASVLCQVSQALLEAQAAAGTVFGDLSLDTILVVPNPLPEYIYHDGTGGSFGLKLMPGDKWAVVTYGDYTRARIRVLKGDGRKGHLAVVGPQPVYTKLSERKWHDICCLVSCILRTARTSKRPAARALAAAVARAAGVKRPDMDAEALEATPYEAREEPLTRFGPAEFINGLVREFKLEEGGWAWTEKNKNIEKVLRPWERGLPLYPVRLWLSGDRKEAMRACVSSVLKAAPPRPATAAGAHHTFQTYLRTVGADLDSFPEWAAAAAHLKRLWKSPGSLPAGSASLRAPSVPPPCHGPAWALPFGTRTPGEFPSWFDPSCLGDWTEAMGQGAPLDLENGPAKAGSDPVAVHSAWETASQLSFEEDGWTESEPRPVRREAHVRAKERH
sp|Q6GZU8|028R_FRG3G,MDPNVLKNLSLMLSRRAGVSGGEPPRMIEWPEYGQRSEPCGSQTVWYVDRPVGAPFIKAFASEVEERGGGILIHAGKVTFDSAKKLAAMKEVQVFDVKYFSFDLMAVVPEHSLWKRPGDKGYPEKTAQSFPKIMASDPVCRYHGFRPRDLVHVKPHDVYIVC
sp|Q197D2|028R_IIV3,MDQYITLVELYIYDCNLFKSKNLKSFYKVHRVPEGDIVPKRRGGQLAGVTKSWVETNLVHFPLWLSEWDETRWGVLNHYPLESWLEKNVSSKVPVNPVMWNFDSECLVYFFHNGRRTPFLTPKGVVKLQVFYNLMSGKEVEWFYEISNGFLKPHLHQLSNVRELVRLKHAPVVVGAGGPRLVTEGVYSLRDDDFVVDCSQIAAVKRAIERGESHQSLRKYQCPLFVALTDKFQDTVKLVEKKFEVQLNELKAETTIQVLREQLRQEKKLKEQVLSLTQSFIPTIGGRGEEFGKPDETPSSASVGDDNFPSSTNHTFEARRRPSSLSSGGALKPSKIL
sp|Q6GZU7|029L_FRG3G,MRRMRSGFKHCAIPIDICRWEYILSPLILQDLQGPQQGGSVAVDVTVRCSVRFVHLPHYGGFNHGTVQRRVDPDDCRILRQLHIVLSLRLCLIDRDRL
sp|Q91G67|029R_IIV6,MVERLGIAVEDRSPKLRKQAIRERFVLFKKNTERVEKYEYYAIRGQSIYINGRLSKLQSERYPKMIILLDIFCQPNPRNLFLRFKERIDGKSEWENNFTYAGNNIGCTKEMESDMIRIFNELDDEKRDV
sp|Q197D0|030L_IIV3,MHPTLKSNAGEWSQPIVNLFYSNFSGNCKALLQYIDNAGITDHIPIKFINVDNPTMRSVVSAKISHVPALVVLQDDQMSLYVAESVWEWFDNYRTPPPLADGATVDSQASENGEKEAQPTPPKEGLLTVLELAKQMRKEREQQT
sp|Q6GZU6|030R_FRG3G,MSLYLLLGLKILRYLKMVIVLRCHSAFLLSVKFLREKRRLKMYLGIMLGF
sp|Q6GZU5|031R_FRG3G,MDTPCKLFCIELKEGYVPGTVSHNHMMPYFLAGSGWPVEITFHAATVELKTQEDFPPAIGIGIHNMTGVPVVETPHSGRMHFVFIFHSKSGRFSATYKCIPVPVVVRDYKTVASVSLTTLSLEDIVGVKLFGTACDRSS
sp|Q6GZU4|032R_FRG3G,MVTVTELRATAKNLGIRGYSTMRKAELEEAIRDHGRVSEARVASPRRSPARSPRKSPAGRKSPSKSPAGRKSPSKSPAGRKSPSKSPAGRKSPSKSPAGRKSPSKSPAGRKSPSKSPVRKSPSKSPVRKSPRKSPAAKLQAGDRPASMNICKNLPKQRLVDIATEMGIDLNRESDGKPKTKDQLCADIMGGAGRKSPRKSPSRSPVRKSPSRSPVRKSPVRSPRKSPVRVPSPVRSPVKEKTPVRSPARSEDAGSDLAPRPRRGKAVRLDYDEDDDYSYGASTDNLFSGNKEIPFPTRKRRTRKPEKVFVDVRSPHTLTDSEDEDDMVEVPELEDKEITMPGVLSPYSDEIVERGYVSQGGADYINYIYRTEYALESDESFARGARPKTNKRDSDRAVREAAAAAAIARALDRRSQSGNDEPAVRRRSAPTDSSRESRRDREPQRDIAEPQRDIAEPQRDIAEPQRDIAEPRKVRFREAGSADVRVFERDEPKEYGRVPVRPPLFMPAGEPLQPLKFRPKTPKIDDTIHRAQMVLPSKPSQKETDNYYKQFAGEAVRPSEPVQWDKDDQVLYHKVPAWDDSSYAAAVSAWPMSVDPKQAESVFAEFEQLSAQDSDLIKVRKSIMKALGY
sp|Q197C8|032R_IIV3,MKLMLEIVKNISEPVGKLAIWFNETYQVDVSETINKWNELTGMNITVQENAVSADDTTAEETEYSVVVNENPTRTAARTRKESKTAAKPRKMQIPKTKDVCQHIFKSGSRAGEQCTTKPKNNALFCSAHRVRNSVTSNATEASEKTVAKTNGTAAPQKRGVKSKSPTVIPSDFDDSDSSSSATRGLRKAPTLSPRKPPPTTTTASSAQEEEDEQQAHFSGSSSPPPKNNGNGAVYSDSSSDEDDDDAHHTTVIPLLKKGARKPLDENVQFTSDSSDEED
sp|Q91G65|032R_IIV6,MGVYKFCYNKKKEVGQVAVLQKERLIFYIVTKEKSYLKPTLANFSNAIDSLYNECLLRKCCKLAIPKIGCCLDRLYWKTVKNIIIDKLCKKGIEVVVYYI
sp|Q6GZU3|033R_FRG3G,MSGIQLDKETILKYSSAALVALSAVVAVMMVSNNSESWKPILVGAVVAASGAAAYQSWWPKQS
sp|Q6GZU2|034R_FRG3G,MSAGHLRKRRYVKVGDIHDMGPILGGVHDVSSPPPNVHYQQQDDHNDPGCMIHYPGEGWFSSMSTVEKLMLGAVIVAAVVVGVRMFMSSGNSSATSSFSTAPYFMG
sp|Q91G63|034R_IIV6,MKQNLLILLSLLLVVVAIMWWLYEKKKEVPLPPPTPPTPPTPTGVPFLPMYAGLSSPVQYNPADYLYGWEKYPHGPAWSFGDRVPYAEAKNALGGHFGGGLYSPRDPILESKLGGVYIGNDLYTVGGVGGDGHW
sp|Q6GZU1|035L_FRG3G,MIWVWPATGRGPGWWGIRRDPWGPEDSSCPCPRLPLSPTGPVGHSGPMGQCHPPVPSYRRGRRDQKDPPLRRQTSPPLPPHPWDRPLPWVPWIPLDLCRHGDPRHPWDPGAQSGYPRVREVRGVPADRPLRPCPRQGPRTAATRKESSCRIPS
sp|Q6GZU0|036L_FRG3G,MTLPDVSGSLGPLSPGTNGTLWAVGPRVVRYQIPALAYLTPGALWTLRTRGTSLTSGPIGTRDSIRTLHAVHYDVWTLGPLGPLGPTSPRGPSARPCRLQTDSLHSTDARCYRCKMLQMQDATDARCKKDMSPFSFPGILEPSHLVGSLKSPRVDPGVPCRPLALWGHPYQCLRLVPLYQRCLHPHCFPAAPGRPWDPWCRPDRLDP
sp|Q197C3|037L_IIV3,MNAATSGIQLNAQTLSQQPAMNTPLIHRSFRDDYTGLVSAGDGLYKRKLKVPSTTRCNKFKWCSIGWSIGALIIFLVYKLEKPHVQPTSNGNLSLIEPEKLVSESQLIQKILNATTPQTTTPEIPSSTEPQELVTEILNTTTPQTTTPEIPSSTEPQELVTEIPSSTEPQEEIFSIFKSPKPEEPGGINSIPQYEQESNNVEDEPPPNKPEEEEDHDNQPLEERHTVPILGDVIIRNKTIIIDGGNETIIIKP
sp|Q6GZT9|037R_FRG3G,MQVFLDLDETLIHSIPVSRLGWTKSKPYPVKPFTVQDAGTPLSVMMGSSKAVNDGRKRLATRLSLFKRTVLTDHIMCWRPTLRTFLNGLFASGYKINVWTAASKPYALEVVKALNLKSYGMGLLVTAQDYPKGSVKRLKYLTGLDAVKIPLSNTAIVDDREEVKRAQPTRAVHIKPFTASSANTACSESDELKRVTASLAIIAGRSRRR
sp|Q6GZT7|039R_FRG3G,MTSYCDTLKALAAESDSTGSERATIRMYMAMFSDASLRPAVSDTVASILGTDSLDHEDAEMMLKFKLLFFSGSANASATSHYPKADDPQRFARSVSRGPSRVRRPARNSASRPVRR
sp|Q6GZT6|040R_FRG3G,MIRALCTIVLIAAGVAVALYLSLVYGYYMSVGVQDASWLTALTGNRPDAKVPFFDKAVGEAPEDKVAYTERPYPVSSTQSPTTTQSPTTTTLKPTTMAVLASIGATPTPVVCHNVRGDMQGIACNVVMKKTVAAALKVQPEAKKDNVNAQYRYGMWTPLRRSRSPFGVWNIPKKLAIAAPDV
sp|Q197C0|040R_IIV3,MVTMAIKNFHIQDDRLKNGRGNKTMSESDYNTSDSGGWVLVRKKRDRSTRPPDVVDRWSNSTSTFPMGLDQIKIKRNGCVNTY
sp|Q91G57|041L_IIV6,MNFIRENETKYVLSTYQSMTPKNLMEYLLKYNYDNDCVYIFNNLPKDLQKEVDDLAKEVVKANDEQIKAQDEQIKANDQKLKQLDVMIEFMKQYNKQLDNDIYLLEHQLENKRELNRQLGIF
sp|Q6GZT5|041R_FRG3G,MRVVVNAKALEVPVGMSFTEWTRTLSPGSSPRFLAWNPVRPRTFKDVTDPFWNGKVFDLLGVVNGKDDLLFPASEIQEWLEYAPNVDLAELERIFVATHRHRGMMGFAAAVQDSLVHVDPDSVDVTRVKDGLHKELDEHASKAAATDVRLKRLRSVKPVDGFSDPVLIRTVFSVTVPEFGDRTAYEIVDSAVPTGSCPYISAGPFVKTIPGFKPAPEWPAQTAHAEGAVFFKADAEFPDTKPLKDMYRKYSGAAVVPGDVTYPAVITFDVPQGSRHVPPEDFAARVAESLSLDLRGRPLVEMGRVVSVRLDGMRFRPYVLTDLLVSDPDASHVMQTDELNRAHKIKGTVYAQVCGTGQTVSFQEKTDEDSGEAYISLRVRARDRKGVEELMEAAGRVMAIYSRRESEIVSFYALYDKTVAKEAAPPRPPRKSKAPEPTGDKADRKLLRTLAPDIFLPTYSRKCLHMPVILRGAELEDARKKGLNLMDFPLFGESERLTYACKHPQHPYPGLRANLLPNKAKYPFVPCCYSKDQAVRPNSKWTAYTTGNAEARRQGRIREGVMQAEPLPEGALIFLRRVLGQETGSKFFALRTTGVPETPVNAVHVAVFQRSLTAEEQAEERAAMALDPSAMGACAQELYVEPDVDWDRWRREMGDPNVPFNLLKYFRALETRYDCDIYIMDNKGIIHTKAVRGRLRYRSRRPTVILHLREESCVPVMTPPSDWTRGPVRNGILTFSPIDPITVKLHDLYQDSRPVYVDGVRVPPLRSDWLPCSGQVVDRAGKARVFVVTPTGKMSRGSFTLVTWPMPPLAAPILRTDTGFPRGRSDSPLSFLGSRFVPSGYRRSVETGAIREITGILDGACEACLLTHDPVLVPDPSWSDGGPPVYEDPVPSRALEGFTGAEKKARMLVEYAKKAISIREGSCTQESVRSFAANGGFVVSPGALDGMKVFNPRFEAPGPFAEADWAVKVPDVKTARRLVYALRVASVNGTCPVQEYASASLVPNFYKTSTDFVQSPAYTINVWRNDLDQSAVKKTRRAVVDWERGLAVPWPLPETELGFSYSLRFAGISRTFMAMNHPTWESAAFAALTWAKSGYCPGVTSNQIPEGEKVPTYACVKGMKPAKVLESGDGTLKLDKSSYGDVRVSGVMIYRASEGKPMQYVSLLM
sp|Q6GZT4|042L_FRG3G,MFAPPSSLFVPATAPAPSTSGFTIPANLRRDAYVCPFATAEKERKEREQQQPASKGLNHDLAAQEPLHPSLVSRFPSNYRGSFLR
sp|Q91G56|042R_IIV6,MATLQQAQQQNNQLTQQNNQLTQQNNQLTQRVNELTRFLEDANRKIQIKENVIKSSEAENRKNLAEINRLHSENHRLIQQSTRTICQKCSMRSN
sp|Q91G55|043L_IIV6,MDLINNKLNIEIQKFCLDLEKKYNINYNNLIDLWFNKESTERLIKCEVNLENKIKFNQKYNSDTIKIMNILFLICSDGVFGKIENNDVKPLTDEDEKICVKFGYKIMIGCLNDIPI
sp|Q6GZT3|043R_FRG3G,MEEVDGCAGPNSEAGALTAGALTAGAFAVTAGAGVAGAGVAGVGWCSWCSWCSWCWCSWCSWCWCSWCWCSWCWCSWCWCSWCWCSWCWCSWCWCSWCLSKGWEDRGGLEGCKSCKGWCLCSHCWCWCSWCWCSWCSWCLSKGWEDRGGLEGCKSCKGWCLCSHCRCWSIN
sp|Q197B6|044L_IIV3,MPLSVFAEEFAEKSVKRYIGQGLWLPCNLSDYYYYQEFHDEGGYGSIHRVMDKATGNEVIMKHSYKLDFSPGILPEWWSKFGSLTDDLRERVVSNHQLRVSREAQILVQASTVLPEMKLHDYFDDGESFILIMDYGGRSLENIASSHKKKITNLVRYRAYKGNWFYKNWLKQVVDYMIKIYHKIKILYDIGIYHNDLKPENVLVDGDHITIIDFGVADFVPDENERKTWSCYDFRGTIDYIPPEVGTTGSFDPWHQTVWCFGVMLYFLSFMEYPFHIDNQFLEYALEGEKLDKLPEPFAQLIRECLSVDPDKRPLTSLLDRLTELHHHLQTIDVW
sp|Q6GZN9|044R_FRG3G,MVVRLAVRANMPKDSLARDSLPKDSLARDFLSDKTSPTDGTQSSDRYLLKIVTAVDYVHLT
sp|Q91G54|044R_IIV6,MYLYQKIKNCLLLTMYQKKNKSHMYDILQSYLYYQKPIPKNLYSHPKKNLYLNIHHYKNINKDLM
sp|Q6GZT1|045L_FRG3G,MDDVEYRTEFSARERAGGDIEEGLELFGPATFKGMEGDPVQRFYNGIESAGRNLIRDGHIKLNKQEQTRLLSSVLRITYPNYKNPMGTVLGFYVTDGGRGPIDKGRLSHVQSFMEEVTDMDLRDLIRYCRLWLALK
sp|Q197B5|045R_IIV3,MYKCSQGAMNTEKVMEKFVIQSRFREMYPDKAKAIAGMTVPARYADSVEDMVAFANEKIRVQKAKVEAEKNARQAMGAPAKFDKYGKYKY
sp|Q6GZT0|046L_FRG3G,MYSVRNSGCSVGCSPRQGASPIMFGPSLGAMLSAPVVRASAPVVRASSPVVKRKSLVKRKSPVKRSPLKKRSQMRTSPCEA
sp|Q6GZS9|047L_FRG3G,MHTISDWLNLNAPVRCFHVRQLSESEWRFTVNDTIRVVASVDGPWTVDAKGVEDLKMHKLYVPGPAKCWTRARDKAMAAALAEAVSESETCAADIVRPAVAKNTPRRPVVKRRVDAVKPAAPDNLESWTKDDWYELDL
sp|Q6GZS8|048L_FRG3G,MTAKTLDPSDYNVRDDSTTGMFTPVDRFVCDPESDRIIVRKIPPEWTIGNSMRFVHFTKEFTQTFDPSESPSNIVRHTNGKKK
sp|Q6GZS7|049L_FRG3G,MAAPKAEGEDKPKRVRKSRAKPKPETKEVKKPKSKEFCTADDSSDDYNEVKPSPAMIALMAVKEIPESEDVPDKSDSEAEAPVPAIVKKRRTPPKKAESSDDKKLDEATGEQVIDEDALSKLTIQTLKGMCKTRNLKISGNKAALVQRLIEADGIAHIIPTTATVVQKVKKTKRPAVFSKVDSELKLIPCPGREHMLMDEATGLVFLDEDPSTAVGFIEHGEVFGLDSEHMTVCKNMGIRYSWTEDYLC
sp|Q91G50|049L_IIV6,MDKIEELKIEELKIEIPQRKTKFFHDSENSDKRDEEETLNPTITSKAKILIKSKNFWIETLIFVISVFGALCVAFGIMLIGFLLWLVSNTISILYFIKQKQYPLSLQQMVFLITTCIGVYNNV
sp|Q197B1|049R_IIV3,MLRIENTVCKSACRVDSATAQPVYSSFDGENFKAEIHSKLDSFERKLNASPTYRDEEGGGNPEHYETLSQEINDLQSQIENLSLEVENLQGSSSSPSNVAAALAELSQSIRTIKEQLEANRKERYNLTVTVANLTAAVNAAKKTGSESTTATATTTTNYETQLKAFEAQIKALDNQLQTQKNLVQTTSVEAKNDRDSLRKTIEVIRLTVKTLQDQVESQTGPKKRRKSPIENQPTAGSELATLTTNLTFLTQRVEKLSQGVATHTTAMFTLEETMKKVHTTLQEATASNTNNIDAIRTRVQELADKIALFDQVQYSVGYEMAKKNPDSTKLRTDLDSAISTVNEEKKSLLTVKDSVQSLKTQLDELKRTLENDGDVSSLRQTVHDMASSIRDETATIYNKINALEEGLKRGGQTTTTPLTQLQTRVEEIDKTIVKWNNQHGEWTTRLNKLEAGVSNNQTLMNRFIQQVNGDVNPLKELPAELETFKMTITNTWAQLNKKFLDFSAKTDTSVDNFTKKFTEIHPQIASLVDKMDQQIRDNPHTTEKLMDEIRQLKSAMTRLGTQSSGKPIFSINTKSSYNEKSKKTIFGHPGIIFPETVKISSIYITLAAKEADGKEDARLFELTATSTHNNITSTIKQFEKKCTEETILEDYNPPLVIDAQTKLVLSCNQKVFGVAIFTLQYS
sp|Q6GZS6|050L_FRG3G,MQVYSPSKISQQLETFLNSVANGLGHTMSHAMSQTFSETIVASVAKKAPKTSVLAAAQAAMQAEDKVSKPKKVKKTKSYADAAPKRVKKVKAPKEDTVVSEPEEAVVEQQEKQQPEKAVVEQQEKQQPEEAVVEQQEKQQPEEAVVEQQEKQQPEEAVVESEQPEQPEQPERQQQAQPERQQQAQPERQQQAQPEEAEDAEQEPVEQPTAKPKKVRKTQTESEDKPKRG
sp|Q6GZS5|051R_FRG3G,MTVRITTTTGYPHGLLNPTVPLPMSRYTLVQETAQDILYTPMGKELALMGTCTKTECKYVRMQEDAHLLAEASKKALTMRLEQNPELKDLLASSGSQPIVYGDTRLVAHLTLLRGVSVLSPEGMVFSEDAMRKLYKGTIDMFVSDPSSLLNVDRATLTLESLRAMVKASGNWPSTSATAAVAIPEAPVTGVSVSDKVVMEHSASVYATQKMDFERSLLIRHLLAMDPAAEADVSHLVSRMDARTRAASSRLAAMYHDGLLDSAVTDGLVPPDQRLLEPMSTPSTPEVHAPQDGMSFEVPHVLTFAGGPVKVDDHVYDTPLHYAYNLAIRRMFADFGEGDLDDVHVSQVSVIYSDMLDKWIDAMYPQTLWRLMTEKFSGNQSCLAVLLSTDGADVKWTGRTEEESFLISDMMGQIKTGWIRSGPPSSSPLSSADIAGTDFFYGWLSYMSRTYATALNVISEMTLARLLDLPDIPEEVRQPTDREQAALGSDYVRSAWRVCYSEFVHKFEGKNLFASVDYCVKTHLKALKVSRDSVTGTAKTLSAKGYGTLIALPVIRLAMKS
sp|Q6GZS4|052L_FRG3G,MVKYVVTGGCGFLGSHIVKCILKYAPEVTEVVAYDINISHIMTMWSSKLKVVRGDVMDVMALAKAVDGADVVIHTAGIVDVWYRHTDDEIYRVNVSGTKNVLMCCINAGVQVLVNTSSMEVVGPNTTSGVFVRGGERTPYNTVHDHVYPLSKDRAEKLVKHYTGVAAAPGMPALKTCSLRPTGIYGEGCDLLEKFFHDTVNAGNVAYGGSPPDSEHGRVYVGNVAWMHLLAARALLAGGESAHKVNGEAFFCYDDSPYMSYDAFNAELFEDRGFGYVYVPYWVMKPMAAYNDLKRKFLGCFGVKRSPILNSYTLALARTSFTVKTSKARRMFGYMPLYEWSEAKRRTKDWISTLK
sp|Q197A7|053L_IIV3,MEQYLQAFEFVEEMVVLPKYLSWELYHHLAVLLREKYPKTYKNKGYIFNIKVKSILDNRITPTGQIVLVVMFQSDLYVPQVGHVFTERIRVNSVDDRYQWITIEPLTVFLRSNIPYKPNTLVTVQICSIKMDNTLCFGTILD
sp|Q6GZS3|053R_FRG3G,MGAAESINTVNIVTKAYAKIMTTMVTDQDITADQSQVFSIDHVKGDVVIKGDVFTQMLVINLASLMKAIATQSAQDQLIDNIAQQAQAAVSGLNLAQYAYVSNNIDRLITACVQMSTDMRVSCKSKVTMTQSFSVTDVEGDVRVTGVKFNQFANILSSCAMDASVNNDQARDIVSQIKQRGDAKASGLDPTTLIVIIVLVMVGAPMGAGFMAGRRAIGPLLASVGLIGGGAVALGYVPRPVKIEGFSSDPDFTLAQPAATVKGLTFTAAVAKLKSTDGYGALFWKNYDVKGTTAVKLQETLSYFAPAGYDPASWAGVGDSAPPFRIFPGLYQGKGDPGARPRAAYGYAGPVAGPKKGDAYLDGDTGSYYVLGDSWKMRGTISGHQNGRTDYWGTVDPTTTAALTGSERYIWVDPFTLVKSTVWLFTGSPKKWTQQQTAPLDIPLTNTPSDFNVWVYKDDTAVQAVKWSSVGAGVAGAALTASALLMPDSVASSEMSPAVGTGTPAIGTGSPAVGTGFPAHRG
sp|Q6GZS2|054L_FRG3G,MPLRLCQGRKDRASDPVRDDGSPPRLFVSQVCRRAPKDPQGFQGHRGGQNVGDCSPIFHQEKKQVMRRFYSLCEWK
sp|Q197A6|054L_IIV3,MASEATVESVETKVESPIVESPVDQGLLESIKNFMDDLAVVTENENFQDYHTIVRRIDETKVKSYNKLVGGFREFFSLNKTALMEGNFEGLIEPHISYKTESGSFFFNFQTTYLETDEANQEIIKEHLNHIWAQIRSENKCPEQLYIDEIFQKLKNKDQLTMDDQLIRDLFTKFQTANFNVTALIRAGCSKAREFLTNNGSQKSSSTFRLIETIENVNVDNFTQMDFMALISKISAIFSESGESNPLNLCLSSLFGGGNTNQPSLTSMFPFPTPPLPDNVLLDNLDQLTLEQQSETTGDDDHHSFEPEK
sp|Q6GZS1|055L_FRG3G,MAKLLRLNAIDGDMPGAGEADLFTLAPGGKAYVPFAWGSRVLGCKPPPAHGAARERGSVSLRPHQKGVLKEAWGHVTSKGYCMLKCPPGFGKTFMALELWRRLGLPALVLTNRRVLATQWRDSATRFLPDSRVFTSGTPPPDALPRDLYVTGPASLRNRRIKAKDSPAKFLLIVDEAHQLTSPVSCRVLLSVRPSHLLGLSATPMRYDDYHAALGAFFGREDSTVDRVDPRPHEVEILSTGVHIEPEFSKITGKMDWNSVIKAQSDNPERDAALADRMLLRPDVKWLVLCKRVDHVKRMAETLSSRSGKKVDVLHGSKDEWDRDAWCVVGTYSKAGTGFDACERTGLCLAADVDRYFEQCLGRLRANGGTVLDPVDDLGVLRKHSKNREAVYIAAGCTIKKTKCDASRPSQSTPTPTGSSQPAPRTRRPQR
sp|Q67475|055R_FRG3G,MLPQNSQVVHGVQDGPPVGPQPAQALLKVPVDVRRQAQAGPLAGVEPRPRLGVGAHHTPGVPVPLILGAVQHVHLLPGPRGQCLGHPLDVVHPLAQHQPLYVGPEEHPVGQGGVPLGVIGLGLDHRVPVHLARDLAKLGLYVHARAEYLHLVGPGVDPVHRAVLPAEKGPQCSVVVVVPHGCSAQTQQVRGPHRQEDPTRHGGRQLVGLIHNQEKFCGRVLGLDPPVSQRSRTRHIQVPGQGVGRRGAGCKDPRVRKEPGRRVPPLSRQHPPVCQDEGGQPQPPPQLQGHEGLAEAGRALEHAVPLGGDVAPGLLQDPFLVRSERDGAPLPGCAVSGRRFASQDPGTPGEGDVGLSPGREGKQVRFPRAGHVSIYRVEP
sp|Q6GZR9|056R_FRG3G,MGVYSPAPRTPRGPWNIRIRFLSWSNSFLLEVKKNYGDVYLCDVCPVRPPGLQAPREQPVLHDRKVLHLYGQDSGVRDVQEVLWNPVSHQEVRRDNHGVLHGRRRARVRQAEEGRRRRQEGHRFRDWERLHQRVEGCPGLQGHGF
sp|O55703|056R_IIV6,MEQKIDKKNSYSFGITSSTTVHVLGEVVAIGGILYYTHSQVNQLNTKIASLEKQILDLTNILKHLSPHSFQQLQSSPTTQSTPPLPQSTPQSQQSQQSAVLPQRPSFLGGSTPKESQSFPGVETRSLGEKTTRGKLKSPHPSQIPVTQENFHYPYQTMNKTMRWEFLKPVESDESEDETNCQNGVCTLQKQEKNVTFNGSVEQLKYGNFSPQRSTKTMIGSPSIRPLIPHESIESVSESIESSQDQSFSSRETISGNFKSKDDHQLSESEINQLVSKAIRTKK
sp|Q197A3|057L_IIV3,MFKIYRTSCMGQHQSQFLHSGTVVQTVDGVTTTSFFQPCLVFPFSIEIISISLVSLNTTNETKLIKMSIMENSELVDYNESAYTLAHLPGKQMTYLKYPAPFTIRQHQPFFFVHHGDLGDASLTLEYRIK
sp|Q6GZR8|057R_FRG3G,MAMVSNVKYFADALQGTQGKVGTFTVLGENVFFKRGDGTDTVCGLEMVAGRILRARSDVHFCEPKYFVEMDDGEKVCSFELLDCKPLGSMAPGRKGKKSVGSVTQYLSGLYQTFAAAAAAHSVGVVHSDLHTGNVMLCPEPVSHYVYNLGGGEMLSLETNGVRAVVVDLGMARIPGKNTVACDIFVHVGHVVNGRPDYAADVRTLTLGSCYDMVMMCASGKPSLEERMLCYEVMAAYNNLFAGVCAPSKGGWFVDHYPSMCAVMEATIPDSVASRGGGSWLLAVANMCKLLVPRPYVKRACGKEKAHAMWMTLFTELGLTAKKSISKVDMVDAVQRLRAIADGSEIPPASLMKAACAVGLLTASVAEACYEKVEEIKASHVGMLRWKDALDAWVRLPVRCSGSVPKLGSTVILHTESGTEETVVTQSMLRQIVKTREALDMAQAASDAVWTDTAYYEADDELMKGAHEESAEDFATSFLKGGTTGPIAKRCRLILKSL
sp|Q6GZR7|058R_FRG3G,MEIRDTTVGLDRPVQSGAWDPGATREQLALAGISGRCDLGGRDEDLWSRKSQKDETFKDCERRRGGEAPRLLCDKWRRDREAEAVRRRVQSQRRQGGREDPDGPARVRGRRRRVAVCGHSPDRGPAREEHKGPAGGSDHKDLGHHKGPEVGSGLRGPQARQVCGRSRGHEVQRVQKGLRQGVQGHGCREVALDARLCLVRVLGRSGQKGRHGRLSVASRRLDGQEKVEKRGLFSLGA
sp|Q6GZR6|059L_FRG3G,MPAQKRMSRYAYLVNKVAGPTLCGVFYGKYVEASDQAVSTCMAWFKIVVITKRVSAREWQEKGATVVTFRDLTRGTAPKAVECDLLYVRDFNPNTSQCWLPMLEGYKRTRTWVQIGHCNFESYGPHVMKKQLFGDFSYVPFVGYGSDVLALPETDEILEYDTSPFERFVHAVQRLNPKGESVWTHLGPDVAFAEMSIDAFNAVRESSPSPMSACMMDKTAVPQSLSEMVADYDWDHNEALRETPYVSSACAAMSRLTSSDPSLVVAVHEPKLQKYLEQFTGAKVVTYGKMLDSRMVPKRVVIFQAHPINGCKSGRKLMHMWRSMPGKPKITVIKPRQEWSAYYCNPLKRVGL
sp|O55704|060L_IIV6,MSKNKSPLLNESEKMMSEMLPMKVSQSKLNYEEKVYIPTTIRNRKQHCFRRFFPYIALFQIIMLIILLILYFCFPNLFYSTNFNTNFNTSLLQNNSIETKLNSIPPQNNSQKTEVPIILNYTTQKTEVTEPIIINNTTEEIETQTIMIPKSTDQTQTIISAKTTAIISPPETSETIAQVLKNSDKREHDDEELSFTTEMETITTETETSSTIPHLRSLPIKSESSMETTSEETDEE
sp|Q6GZR4|061L_FRG3G,MWRWSNIYRIGTLSRYYRYAEHSKDTTMSIFSGGVLPNTPSLEKSLYYDAFPYGLTCKNS
sp|O55705|061R_IIV6,MNDRGIIICVGIAFLIFIFLWAYFKNKKVKTGNYGNYSYYDKLTDRLDAKLGHDSSFMIQHYLDPENCPLYGDLPTLSQLVNLKQNNPSKYEELVNDGTVKRAVNIKALKTWLLLGSSNVDKFKHFMNQVNQLNIDKVDMLNLENALKYQLSKTQ
sp|Q196Z8|062L_IIV3,MNPEGENELQVYLRDGDLRVMALGLRHGLRRGLRRGLRRGLRRTGDLRDGDLRLDGDLRDGDLDLLDGDLRDGDLRLDGDLDLLEGDLRDGDLDLLDGDLHRDGDVDRLEGDLRDGDLRLDGDFLVLPHTTAWVFLPNSFNFLEVQTLFAPFSYWLHINGIVFINSKILFIKSPQLPSYFAMALRQCKSSWLGHTSPANRFCIVVQINDQLGLKNSINSRRSALWSGGTASC
sp|O55706|062L_IIV6,MKKNMILFFGILKKLLICILKMEIKCWLTSDIVYFDSELALTVKQFFMKKNNTILDKIAAHCYGLIMQKISQPVTFKNYIYIWRAVLFADCTIKTNKTPDTQNIINLSQNATEEVKIIIDELIDCFKNKNNFKEEEYKPNLDLLNSYIKNIKKFITENKTSKFIFDKDWEILINNIWMN
sp|Q196Z6|064L_IIV3,MDAVKHPVSSLAPHRLGKGFYFMVNSKQIIKKFYNKSFLECSATQETSTTPHDRDNMDQAKLCSLVFEIFKKQTRLLAHLVLEEAIDLNNDLLFAVIYFNDEAILNSLVRHLYKYKPYYCDFTVRAQELDLVVHLDLGHCIDRLKSFIDPDTACFVLCSNLSQLTGLNCLKRVLKHKIIQKSYHLYLLLKTSHKVQQQWPDPVHVVEKYVTKRMVSYALTDNNPLLLAIVLDRLLVKLPTDDFAPLIVGIIESNRFKVECLPTLLQYHNRVKTTTKPIRI
sp|Q6GZR1|064R_FRG3G,MQNFGAQEMRKGRLAFVRLSKLETLQNLIDKMLAERVFNKGEAADILESNDIRADIARALIDSVTKKGDVACSLFAGAIARQDVVLADAMGISQV
sp|Q6GZR0|065L_FRG3G,MRGLEAPGAVGPTGPSGAPGSQGPDGDVGGMGPEGPKGDDGPVGPKGPQGAAIF
sp|Q91G40|065R_IIV6,MNIPKTCFQIHNKIQVQNYLIRINLNIFLIYHFSPIYCPYLFLFTVFFNSLINLI
sp|Q6GZQ9|066L_FRG3G,MPFYICSDPDPKRTVRGPRFTVPDPKPPPDPAHPLDDTDNVMTAFPKFKPYGFSVYNPWDPIFLSMFGRAGRNGAKGPRGRRRSPRPPGGSSMTPGDDGNQGPRGPGEQRDQPDQMDPLVHPVTSVRSGPWERLGLRGRGESGVLRETLEMWAGQEGLISRVRDDPRESEVRPVTGVQTVWPE
sp|Q6GZQ7|068R_FRG3G,MWIHFPVRNYIHLSHTILHYPCPDNAGHVCGHRNVSRNGLKDGLGVGVVSGGVDRTVYDRDTYPHPIKESDEDLGGGGVGSRERVGPVGGDHCHG
sp|O55709|069L_IIV6,MSDKIDNQIVKVENTNNGGLRAIFNLDGVTLDTPIMGTWDKPVFFGKEIAEFLGFKKPKDALQKHVKPKYKTTLSKVLEKKLDTEPVSYNEGKRVLLYKEGVVELIKKTRLVGIENKIDALIEAFELNLNVVHQTKEQEHIGAILKVFTHERTVTQYKVKNYKIDLYFLDYKVAVECDEFGHRDRNGESEREYNIIRELGCTFYRFNPDSKNFCIYQIIGDLVRLLYKDH
sp|Q6GZQ6|069R_FRG3G,MERSATLEMLNVHKPDARQTGDILSRYANALWPPALAYAASVAAGYVFTAGPHGCRCGKAMTEAARVGVFLGVLCALYNWMGSGDSFA
